elapsed_s,phase,reads_per_s,writes_per_s,found_pct,read_p50_us,read_p99_us,read_p999_us,read_max_us,write_p50_us,write_p99_us,write_p999_us,write_max_us,get_found_p99_us,get_missing_p99_us,put_p99_us,delete_p99_us,disk_mb,disk_over_live,merge_running_s,gc_cycles,gc_max_pause_us
10.0,warmup,59812.2,15056.4,88.0,5.1,163.8,3932.2,7793.5,45.1,5242.9,5767.2,8471.3,163.8,163.8,5242.9,5242.9,27.7,2.96,0.0,15,196.6
20.0,warmup,60578.9,15090.7,78.0,5.1,163.8,3932.2,8114.5,41.0,5242.9,5767.2,9053.9,163.8,163.8,5242.9,5242.9,43.0,4.58,0.0,13,163.8
30.0,warmup,62931.8,15738.7,75.7,5.1,147.5,3932.2,9383.3,36.9,5242.9,5767.2,11346.0,147.5,147.5,5242.9,5242.9,58.9,6.28,0.0,13,196.6
40.0,warmup,62929.4,15690.5,75.2,5.1,147.5,3932.2,7579.3,36.9,5242.9,5767.2,11211.5,147.5,147.5,5242.9,5242.9,74.8,7.97,0.0,14,3670.0
50.0,warmup,62972.8,15793.5,74.9,5.1,147.5,3932.2,6953.4,36.9,5242.9,6291.5,8453.2,147.5,147.5,5242.9,5242.9,90.7,9.67,0.0,13,2621.4
60.0,warmup,61657.6,15408.4,75.1,5.1,163.8,3932.2,12395.4,41.0,5242.9,5767.2,15372.4,163.8,147.5,5242.9,5242.9,106.3,11.33,0.0,13,163.8
70.0,run,67766.9,16967.5,75.1,4.1,163.8,3670.0,7176.4,32.8,5242.9,5767.2,8211.0,163.8,163.8,5242.9,5242.9,124.6,13.29,10.0,20,163.8
80.0,run,68187.5,17093.0,75.1,4.6,147.5,3407.9,7543.4,36.9,5242.9,5767.2,12734.8,163.8,147.5,5242.9,5242.9,143.9,15.34,10.0,20,163.8
90.0,run,62601.8,15649.6,75.0,5.1,163.8,3932.2,12290.9,41.0,5242.9,5767.2,13292.8,163.8,163.8,5242.9,5242.9,96.3,10.26,2.7,15,163.8
100.0,run,70953.4,17720.0,75.0,4.6,147.5,3145.7,6412.8,36.9,4718.6,5242.9,8135.9,147.5,147.5,4718.6,4718.6,116.3,12.40,10.0,21,196.6
110.0,run,65817.6,16391.7,75.1,4.6,163.8,3407.9,5456.6,41.0,5242.9,5767.2,9065.2,163.8,163.8,5242.9,5242.9,134.8,14.37,10.0,19,196.6
120.0,run,60656.0,15170.0,75.1,4.6,163.8,3932.2,9630.2,41.0,5242.9,6291.5,13648.7,163.8,163.8,5242.9,5242.9,86.8,9.26,6.9,16,196.6
130.0,run,68609.8,17109.9,75.3,4.6,163.8,3407.9,13025.8,36.9,4718.6,5767.2,14132.5,163.8,147.5,4718.6,4718.6,106.1,11.32,10.0,20,163.8
140.0,run,71403.6,17838.3,74.9,4.1,147.5,3145.7,4413.6,32.8,4718.6,5242.9,8307.2,147.5,147.5,4718.6,4718.6,126.3,13.46,10.0,21,163.8
150.0,run,66759.2,16641.0,75.0,4.6,147.5,3670.0,6905.2,36.9,5242.9,5767.2,10825.4,147.5,147.5,5242.9,5242.9,79.7,8.49,8.7,19,2621.4
160.0,run,72263.1,18038.9,75.1,4.6,147.5,3145.7,6826.2,32.8,4718.6,5767.2,7826.2,147.5,147.5,4718.6,4718.6,100.0,10.67,10.0,21,163.8
170.0,run,69790.7,17390.7,75.1,4.6,163.8,3145.7,6605.3,36.9,4718.6,5767.2,8375.1,163.8,147.5,4718.6,4718.6,119.8,12.78,10.0,20,163.8
180.0,run,72235.1,18079.2,75.0,4.6,131.1,3145.7,5820.4,30.7,4718.6,5767.2,9411.5,131.1,131.1,4718.6,4718.6,150.7,16.07,10.0,21,163.8
190.0,run,68269.6,17050.0,74.9,4.1,131.1,3932.2,8043.7,28.7,5242.9,5767.2,15670.7,131.1,131.1,5242.9,5242.9,107.9,11.50,10.0,20,2621.4
200.0,run,66094.6,16441.2,75.0,4.6,147.5,3932.2,7610.9,36.9,5242.9,6291.5,10591.0,163.8,147.5,5242.9,5242.9,108.3,11.54,1.1,15,131.1
210.0,run,60804.2,15199.1,75.0,5.1,163.8,3932.2,24617.0,41.0,5242.9,6291.5,25643.8,163.8,163.8,5242.9,5242.9,123.6,13.18,0.0,12,163.8
220.0,run,59995.8,14961.3,74.9,4.6,180.2,3932.2,8295.5,41.0,5242.9,5767.2,10315.7,180.2,180.2,5242.9,5242.9,140.5,14.98,10.0,18,163.8
230.0,run,64652.4,16158.4,74.9,4.1,163.8,3932.2,12527.1,36.9,5242.9,6291.5,13529.9,163.8,163.8,5242.9,5242.9,158.7,16.92,10.0,19,4194.3
240.0,run,74036.7,18430.0,74.9,3.8,131.1,3407.9,7414.2,28.7,4718.6,5767.2,10057.0,131.1,122.9,4718.6,4718.6,188.0,20.04,10.0,21,196.6
250.0,run,69806.0,17390.3,74.9,3.8,147.5,3670.0,11066.9,30.7,5242.9,6291.5,12621.4,147.5,131.1,5242.9,5242.9,133.1,14.19,10.0,21,163.8
260.0,run,69636.9,17360.5,75.1,4.1,163.8,3407.9,7279.2,32.8,5242.9,5767.2,8146.2,163.8,147.5,5242.9,5242.9,152.8,16.29,10.0,21,131.1
270.0,run,69749.2,17429.7,75.1,4.1,147.5,3407.9,7196.2,32.8,5242.9,5767.2,8843.8,147.5,147.5,5242.9,5242.9,176.6,18.83,10.0,20,3145.7
280.0,run,77722.6,19429.6,75.1,2.8,106.5,3407.9,9478.1,20.5,5242.9,5767.2,15697.2,114.7,106.5,5242.9,5242.9,128.0,13.65,10.0,24,4194.3
290.0,run,67847.6,16981.7,75.1,4.6,163.8,3407.9,5894.2,36.9,4718.6,5767.2,14961.5,163.8,147.5,4718.6,4718.6,147.2,15.69,10.0,19,196.6
300.0,run,68174.4,17040.2,75.0,4.6,147.5,3407.9,7680.0,36.9,5242.9,5767.2,9030.8,147.5,147.5,5242.9,5242.9,166.5,17.75,10.0,20,262.1
310.0,run,74888.6,18682.6,74.9,3.3,114.7,3670.0,7219.9,22.5,5242.9,5767.2,7997.7,114.7,106.5,5242.9,5242.9,205.2,21.87,10.0,23,3670.0
320.0,run,71216.8,17821.1,75.1,4.1,147.5,3407.9,7565.3,30.7,5242.9,5767.2,8521.0,147.5,131.1,5242.9,5242.9,140.8,15.01,10.0,21,2621.4
330.0,run,69746.5,17436.0,75.1,4.6,147.5,3407.9,7314.0,36.9,4718.6,5767.2,12977.2,163.8,147.5,4718.6,4718.6,160.5,17.11,10.0,20,196.6
340.0,run,71525.0,17920.1,75.0,4.1,147.5,3407.9,13533.3,30.7,5242.9,5767.2,8830.1,147.5,131.1,5242.9,5242.9,187.4,19.98,10.0,21,3145.7
350.0,run,67851.9,16966.2,75.1,4.1,131.1,3932.2,6108.9,30.7,5242.9,5767.2,9070.0,131.1,122.9,5242.9,5242.9,221.0,23.56,10.0,20,3145.7
360.0,run,69511.6,17340.6,75.1,3.8,147.5,3670.0,11211.7,28.7,5242.9,5767.2,12831.2,147.5,131.1,5242.9,5242.9,151.9,16.19,10.0,21,131.1
370.0,run,69396.9,17411.5,75.1,4.6,147.5,3145.7,7629.6,32.8,4718.6,5767.2,17859.2,147.5,147.5,4718.6,4718.6,171.6,18.29,10.0,20,196.6
380.0,run,71215.7,17840.0,75.1,3.8,147.5,3407.9,6530.9,30.7,5242.9,5767.2,10106.3,147.5,131.1,5242.9,5242.9,198.8,21.20,10.0,21,163.8
390.0,run,77722.5,19428.7,75.1,2.6,98.3,3670.0,8066.9,18.4,5242.9,5767.2,10678.8,98.3,90.1,5242.9,5242.9,241.5,25.74,10.0,24,131.1
400.0,run,66787.1,16741.6,74.9,4.1,147.5,3670.0,8242.4,32.8,5242.9,5767.2,9428.7,147.5,147.5,5242.9,5242.9,164.8,17.57,10.0,20,196.6
410.0,run,69742.6,17439.4,75.1,4.1,147.5,3407.9,7508.0,32.8,5242.9,5767.2,9108.0,147.5,147.5,5242.9,5242.9,184.6,19.68,10.0,20,163.8
420.0,run,73889.5,18379.8,74.8,3.6,131.1,3407.9,7005.9,28.7,4718.6,5767.2,10834.4,131.1,122.9,4718.6,5242.9,212.1,22.61,10.0,21,2621.4
430.0,run,75785.3,18952.6,74.9,3.1,106.5,3670.0,13132.8,20.5,5242.9,6291.5,20416.8,106.5,98.3,5242.9,5242.9,251.8,26.84,10.0,23,3670.0
440.0,run,74924.7,18719.7,75.0,2.8,114.7,3670.0,7995.8,22.5,5242.9,6291.5,8957.2,114.7,106.5,5242.9,5242.9,179.3,19.12,10.0,22,2621.4
450.0,run,69544.6,17358.4,75.1,4.1,147.5,3407.9,7730.0,32.8,5242.9,5767.2,8601.7,147.5,147.5,5242.9,5242.9,198.9,21.21,10.0,20,163.8
460.0,run,71708.7,17970.1,74.9,3.8,147.5,3407.9,10088.4,30.7,4718.6,5767.2,13963.8,147.5,131.1,4718.6,4718.6,223.4,23.81,10.0,21,3145.7
470.0,run,77348.0,19380.0,75.0,3.6,106.5,3407.9,6926.1,22.5,4718.6,5767.2,12113.9,106.5,106.5,4718.6,4718.6,262.4,27.98,10.0,23,3145.7
480.0,run,68569.2,17176.6,75.1,4.6,131.1,3670.0,7588.0,30.7,5242.9,5767.2,11631.2,131.1,122.9,5242.9,5242.9,295.6,31.52,10.0,20,163.8
490.0,run,65609.3,16435.1,75.0,4.1,163.8,3670.0,14886.3,36.9,5242.9,6291.5,16061.2,163.8,147.5,5242.9,5242.9,209.7,22.35,10.0,19,163.8
500.0,run,74016.7,18473.3,74.8,4.1,147.5,3145.7,6568.0,30.7,4718.6,5242.9,8322.7,147.5,147.5,4718.6,4718.6,230.6,24.58,10.0,21,163.8
510.0,run,72136.7,18074.9,75.1,4.6,131.1,3145.7,7569.7,30.7,4718.6,5767.2,8450.2,131.1,131.1,4718.6,4718.6,257.2,27.42,10.0,20,229.4
520.0,run,80631.9,20230.0,74.9,2.8,98.3,3407.9,12375.0,20.5,4718.6,5767.2,14742.1,98.3,98.3,4718.6,4718.6,300.2,32.01,10.0,25,3670.0
530.0,run,79313.5,19910.1,74.8,2.8,98.3,3407.9,6102.1,20.5,5242.9,5767.2,8320.1,98.3,98.3,5242.9,4718.6,341.3,36.38,10.0,23,4194.3
540.0,run,71059.3,17794.8,74.9,4.6,147.5,3145.7,7104.3,32.8,4718.6,5242.9,13242.1,147.5,147.5,4718.6,4718.6,361.4,38.53,10.0,21,163.8
550.0,run,72366.1,18127.0,74.9,4.1,147.5,3145.7,7355.6,30.7,4718.6,5767.2,10113.4,147.5,131.1,4718.6,4718.6,381.9,40.72,10.0,21,163.8
560.0,run,72827.1,18238.1,75.1,3.8,147.5,3145.7,10402.2,30.7,4718.6,5767.2,11058.8,147.5,131.1,4718.6,4718.6,224.0,23.88,10.0,21,3145.7
570.0,run,74145.4,18545.4,75.1,4.1,147.5,3145.7,11469.8,30.7,4194.3,5242.9,15959.2,147.5,131.1,4194.3,4194.3,245.0,26.12,10.0,21,163.8
580.0,run,77545.9,19340.7,75.0,3.8,114.7,3145.7,10045.4,24.6,4718.6,5767.2,11523.7,114.7,106.5,4718.6,4718.6,280.2,29.87,10.0,22,131.1
590.0,run,79318.3,19833.9,74.9,3.1,98.3,3145.7,6335.0,20.5,4718.6,5767.2,7942.0,98.3,98.3,4718.6,4718.6,321.7,34.30,10.0,23,3145.7
600.0,run,79600.8,19879.9,74.8,3.1,98.3,3407.9,13744.5,20.5,5242.9,6291.5,15482.9,106.5,98.3,5242.9,5242.9,363.7,38.78,10.0,24,2621.4
610.0,run,66018.6,16470.5,74.9,4.6,163.8,3670.0,15512.5,36.9,5242.9,6291.5,16484.4,163.8,163.8,5242.9,5242.9,383.4,40.87,10.0,19,196.6
620.0,run,69942.7,17503.8,74.9,4.1,147.5,3145.7,6649.5,32.8,5242.9,5767.2,8494.4,147.5,147.5,5242.9,5242.9,403.1,42.98,10.0,20,3145.7
630.0,run,60360.3,15116.3,74.9,4.6,180.2,3670.0,12500.9,45.1,5242.9,6291.5,13085.5,196.6,180.2,5242.9,5242.9,232.2,24.76,10.0,17,163.8
640.0,run,60331.7,15107.6,75.1,4.6,180.2,3670.0,8096.6,45.1,5242.9,5767.2,33237.6,180.2,180.2,5242.9,5242.9,249.2,26.57,10.0,16,131.1
650.0,run,60143.9,15052.0,75.2,4.6,180.2,3670.0,7554.4,45.1,5242.9,5767.2,8741.6,180.2,180.2,5242.9,5242.9,266.2,28.38,10.0,17,163.8
660.0,run,71330.2,17758.6,75.0,3.1,114.7,3407.9,31447.9,22.5,5242.9,5767.2,32426.9,114.7,106.5,5242.9,5242.9,300.4,32.03,10.0,21,131.1
